BusinessEntityID,StoreName,FirstTransactionDate,LastTransactionDate,DaysTrading,NumberOfTransactions,TotalRevenue,AvgRevenuePerTransaction,TradingDurationCategory
302,Area Bike Accessories,2011-05-31 00:00:00.000,2014-03-01 00:00:00.000,1005,12,428350.5326,35695.8777,2 years
318,"Great Bikes ",2011-05-31 00:00:00.000,2014-03-01 00:00:00.000,1005,12,789884.2937,65823.6911,2 years
392,Small Cycle Store,2011-05-31 00:00:00.000,2014-03-01 00:00:00.000,1005,12,93332.0095,7777.6674,2 years
496,Grease and Oil Products Company,2011-05-31 00:00:00.000,2014-03-01 00:00:00.000,1005,12,61854.5431,5154.5452,2 years
518,Latest Sports Equipment,2011-05-31 00:00:00.000,2014-03-01 00:00:00.000,1005,12,815914.2534,67992.8544,2 years
574,Fifth Bike Store,2011-05-31 00:00:00.000,2014-03-01 00:00:00.000,1005,10,16030.152,1603.0152,2 years
592,Retail Mall,2011-05-31 00:00:00.000,2014-03-01 00:00:00.000,1005,12,901346.856,75112.238,2 years
662,Fitness Toy Store,2011-05-31 00:00:00.000,2014-03-01 00:00:00.000,1005,12,820383.5466,68365.2955,2 years
722,Pedals Warehouse,2011-05-31 00:00:00.000,2014-03-01 00:00:00.000,1005,6,3205.1588,534.1931,2 years
852,Original Bicycle Supply Company,2011-05-31 00:00:00.000,2014-03-01 00:00:00.000,1005,12,469357.2899,39113.1074,2 years
880,The Bike Shop,2011-05-31 00:00:00.000,2014-03-01 00:00:00.000,1005,9,20895.9208,2321.7689,2 years
908,General Bike Corporation,2011-05-31 00:00:00.000,2014-03-01 00:00:00.000,1005,12,68068.6803,5672.39,2 years
1018,Trusted Catalog Store,2011-05-31 00:00:00.000,2014-03-01 00:00:00.000,1005,12,170328.5592,14194.0466,2 years
1044,Superb Sales and Repair,2011-05-31 00:00:00.000,2014-03-01 00:00:00.000,1005,9,99904.7516,11100.5279,2 years
1046,Better Bike Shop,2011-05-31 00:00:00.000,2014-03-01 00:00:00.000,1005,12,475892.0433,39657.6702,2 years
1050,First Bike Store,2011-05-31 00:00:00.000,2014-03-01 00:00:00.000,1005,12,801766.21,66813.8508,2 years
1086,Seventh Bike Store,2011-05-31 00:00:00.000,2014-03-01 00:00:00.000,1005,12,452727.9318,37727.3276,2 years
1338,Sports Sales and Rental,2011-05-31 00:00:00.000,2014-03-01 00:00:00.000,1005,9,173851.9306,19316.8811,2 years
1414,Bike Dealers Association,2011-05-31 00:00:00.000,2014-03-01 00:00:00.000,1005,12,483162.6054,40263.5504,2 years
1418,"Health Spa, Limited",2011-05-31 00:00:00.000,2014-03-01 00:00:00.000,1005,12,824331.7682,68694.314,2 years
1882,Red Bicycle Company,2011-05-31 00:00:00.000,2014-03-01 00:00:00.000,1005,12,442054.0945,36837.8412,2 years
1918,Simple Bike Parts,2011-05-31 00:00:00.000,2014-03-01 00:00:00.000,1005,8,9336.9338,1167.1167,2 years
1900,Fun Times Club,2011-07-01 00:00:00.000,2014-03-31 00:00:00.000,1004,12,302061.1054,25171.7587,2 years
1936,Active Transport Inc.,2011-07-01 00:00:00.000,2014-03-31 00:00:00.000,1004,8,99385.9745,12423.2468,2 years
1946,Swift Cycles,2011-07-01 00:00:00.000,2014-03-31 00:00:00.000,1004,12,257252.7645,21437.7303,2 years
1970,Permanent Finish Products,2011-07-01 00:00:00.000,2014-03-31 00:00:00.000,1004,12,650362.0535,54196.8377,2 years
1992,Totes & Baskets Company,2011-07-01 00:00:00.000,2014-03-31 00:00:00.000,1004,12,919801.8188,76650.1515,2 years
1356,Larger Cycle Shop,2011-08-01 00:00:00.000,2014-05-01 00:00:00.000,1004,12,605358.542,50446.5451,2 years
1362,Metro Bike Mart,2011-07-01 00:00:00.000,2014-03-31 00:00:00.000,1004,11,168144.5376,15285.867,2 years
1332,Catalog Store,2011-07-01 00:00:00.000,2014-03-31 00:00:00.000,1004,12,421079.058,35089.9215,2 years
1344,Exotic Bikes,2011-07-01 00:00:00.000,2014-03-31 00:00:00.000,1004,10,79847.8229,7984.7822,2 years
1350,Every Bike Shop,2011-07-01 00:00:00.000,2014-03-31 00:00:00.000,1004,12,251643.9575,20970.3297,2 years
1322,Rapid Bikes,2011-08-01 00:00:00.000,2014-05-01 00:00:00.000,1004,12,449023.1024,37418.5918,2 years
1296,Trailblazing Sports,2011-08-01 00:00:00.000,2014-05-01 00:00:00.000,1004,12,420767.7112,35063.9759,2 years
1310,Unified Sports Company,2011-07-01 00:00:00.000,2014-03-31 00:00:00.000,1004,11,186803.4277,16982.1297,2 years
1082,First Cycle Store,2011-08-01 00:00:00.000,2014-05-01 00:00:00.000,1004,10,156413.2374,15641.3237,2 years
1090,General Associates,2011-07-01 00:00:00.000,2014-03-31 00:00:00.000,1004,12,113785.9264,9482.1605,2 years
1056,General Department Stores,2011-07-01 00:00:00.000,2014-03-31 00:00:00.000,1004,10,38452.4651,3845.2465,2 years
1066,Small Bike Shop,2011-08-01 00:00:00.000,2014-05-01 00:00:00.000,1004,12,481357.9195,40113.1599,2 years
1016,Central Discount Store,2011-08-01 00:00:00.000,2014-05-01 00:00:00.000,1004,12,124014.5979,10334.5498,2 years
1032,Brakes and Gears,2011-07-01 00:00:00.000,2014-03-31 00:00:00.000,1004,12,989184.082,82432.0068,2 years
970,Primary Bike Distributors,2011-07-01 00:00:00.000,2014-03-31 00:00:00.000,1004,12,313549.3888,26129.1157,2 years
998,Greater Bike Store,2011-08-01 00:00:00.000,2014-05-01 00:00:00.000,1004,12,107198.4605,8933.205,2 years
1134,Highway Bike Shop,2011-07-01 00:00:00.000,2014-03-31 00:00:00.000,1004,12,77139.5923,6428.2993,2 years
1164,Consolidated Sales,2011-07-01 00:00:00.000,2014-03-31 00:00:00.000,1004,12,218031.225,18169.2687,2 years
1182,New and Used Bicycles,2011-07-01 00:00:00.000,2014-03-31 00:00:00.000,1004,12,445392.9589,37116.0799,2 years
1204,Racing Toys,2011-08-01 00:00:00.000,2014-05-01 00:00:00.000,1004,12,43717.8009,3643.15,2 years
1214,Sturdy Toys,2011-07-01 00:00:00.000,2014-03-31 00:00:00.000,1004,12,481860.9122,40155.076,2 years
900,Basic Sports Equipment,2011-07-01 00:00:00.000,2014-03-31 00:00:00.000,1004,12,65505.3258,5458.7771,2 years
914,Social Activities Club,2011-07-01 00:00:00.000,2014-03-31 00:00:00.000,1004,8,10131.4774,1266.4346,2 years
846,Super Sports Store,2011-07-01 00:00:00.000,2014-03-31 00:00:00.000,1004,12,58418.6364,4868.2197,2 years
832,Lease-a-Bike Shop,2011-07-01 00:00:00.000,2014-03-31 00:00:00.000,1004,12,444336.9798,37028.0816,2 years
864,Price-Cutter Discount Bikes,2011-08-01 00:00:00.000,2014-05-01 00:00:00.000,1004,8,72854.4681,9106.8085,2 years
794,Rewarding Activities Company,2011-07-01 00:00:00.000,2014-03-31 00:00:00.000,1004,12,543440.5911,45286.7159,2 years
812,Sundry Sporting Goods,2011-08-01 00:00:00.000,2014-05-01 00:00:00.000,1004,12,432800.3352,36066.6946,2 years
814,Excellent Riding Supplies,2011-08-01 00:00:00.000,2014-05-01 00:00:00.000,1004,12,961675.8596,80139.6549,2 years
816,Farthermost Bike Shop,2011-07-01 00:00:00.000,2014-03-31 00:00:00.000,1004,12,781073.7175,65089.4764,2 years
806,Certified Sports Supply,2011-08-01 00:00:00.000,2014-05-01 00:00:00.000,1004,6,15123.6669,2520.6111,2 years
826,"Bike Goods ",2011-08-01 00:00:00.000,2014-05-01 00:00:00.000,1004,12,45348.5877,3779.0489,2 years
828,Vigorous Exercise Company,2011-08-01 00:00:00.000,2014-05-01 00:00:00.000,1004,12,954021.9235,79501.8269,2 years
728,Wholesale Bikes,2011-07-01 00:00:00.000,2014-03-31 00:00:00.000,1004,12,46795.976,3899.6646,2 years
752,Elemental Sporting Goods,2011-08-01 00:00:00.000,2014-05-01 00:00:00.000,1004,12,136053.7081,11337.809,2 years
760,Handy Bike Services,2011-07-01 00:00:00.000,2014-03-31 00:00:00.000,1004,5,10718.0322,2143.6064,2 years
764,Fashionable Bikes and Accessories,2011-08-01 00:00:00.000,2014-05-01 00:00:00.000,1004,12,470639.545,39219.962,2 years
780,Finer Riding Supplies,2011-07-01 00:00:00.000,2014-03-31 00:00:00.000,1004,12,326883.5513,27240.2959,2 years
788,Paint Supply,2011-08-01 00:00:00.000,2014-05-01 00:00:00.000,1004,12,447403.4907,37283.6242,2 years
654,Ultimate Bike Shop,2011-08-01 00:00:00.000,2014-05-01 00:00:00.000,1004,9,139680.9176,15520.1019,2 years
642,Advanced Bike Components,2011-08-01 00:00:00.000,2014-05-01 00:00:00.000,1004,12,407563.0075,33963.5839,2 years
648,Corner Bicycle Supply,2011-08-01 00:00:00.000,2014-05-01 00:00:00.000,1004,12,887090.4106,73924.2008,2 years
672,Good Bike Shop,2011-08-01 00:00:00.000,2014-05-01 00:00:00.000,1004,12,442256.8765,36854.7397,2 years
600,Thorough Parts and Repair Services,2011-07-01 00:00:00.000,2014-03-31 00:00:00.000,1004,12,834475.9271,69539.6605,2 years
608,Two-Wheeled Transit Company,2011-07-01 00:00:00.000,2014-03-31 00:00:00.000,1004,12,74518.6883,6209.8906,2 years
612,Metro Cycle Shop,2011-08-01 00:00:00.000,2014-05-01 00:00:00.000,1004,10,262408.3464,26240.8346,2 years
512,Metal Processing Company,2011-08-01 00:00:00.000,2014-05-01 00:00:00.000,1004,12,73278.6485,6106.554,2 years
544,Painters Bicycle Specialists,2011-08-01 00:00:00.000,2014-05-01 00:00:00.000,1004,12,121101.8185,10091.8182,2 years
498,Moderately-Priced Bikes Store,2011-07-01 00:00:00.000,2014-03-31 00:00:00.000,1004,12,107313.0962,8942.758,2 years
494,Travel Systems,2011-07-01 00:00:00.000,2014-03-31 00:00:00.000,1004,10,24082.9023,2408.2902,2 years
412,Gasless Cycle Shop,2011-07-01 00:00:00.000,2014-03-31 00:00:00.000,1004,12,67481.63,5623.4691,2 years
362,Distinctive Cycles Sales & Service,2011-08-01 00:00:00.000,2014-05-01 00:00:00.000,1004,5,13921.0304,2784.206,2 years
320,Metropolitan Sales and Rental,2011-08-01 00:00:00.000,2014-05-01 00:00:00.000,1004,8,5835.052,729.3815,2 years
312,Vinyl and Plastic Goods Corporation,2011-08-01 00:00:00.000,2014-05-01 00:00:00.000,1004,9,18275.1045,2030.5671,2 years
296,Riders Company,2011-08-01 00:00:00.000,2014-05-01 00:00:00.000,1004,12,584949.1308,48745.7609,2 years
298,The Bike Mechanics,2011-08-01 00:00:00.000,2014-05-01 00:00:00.000,1004,11,77585.195,7053.1995,2 years
344,Retail Sales and Service,2011-07-01 00:00:00.000,2014-03-31 00:00:00.000,1004,12,337311.2711,28109.2725,2 years
348,Bold Bike Accessories,2011-07-01 00:00:00.000,2014-03-31 00:00:00.000,1004,11,163046.6378,14822.4216,2 years
368,Brightwork Company,2011-07-01 00:00:00.000,2014-03-31 00:00:00.000,1004,12,208054.1284,17337.844,2 years
370,Resale Services,2011-07-01 00:00:00.000,2014-03-31 00:00:00.000,1004,12,554388.9371,46199.078,2 years
372,The Gear Store,2011-07-01 00:00:00.000,2014-03-31 00:00:00.000,1004,12,696703.605,58058.6337,2 years
484,World Bike Discount Store,2011-05-31 00:00:00.000,2013-11-30 00:00:00.000,914,8,5537.2608,692.1576,2 years
1186,Basic Bike Company,2011-05-31 00:00:00.000,2013-11-30 00:00:00.000,914,8,14794.6375,1849.3296,2 years
1374,Yellow Bicycle Company,2011-05-31 00:00:00.000,2013-11-30 00:00:00.000,914,5,87227.3226,17445.4645,2 years
1828,Major Cycling,2011-07-01 00:00:00.000,2013-12-31 00:00:00.000,914,11,13583.5227,1234.8657,2 years
1438,Some Discount Store,2011-07-01 00:00:00.000,2013-12-31 00:00:00.000,914,7,122815.4725,17545.0675,2 years
1392,Discount Tours,2011-10-31 00:00:00.000,2014-05-01 00:00:00.000,913,11,35703.6859,3245.7896,2 years
1246,Finer Parts Shop,2011-10-31 00:00:00.000,2014-05-01 00:00:00.000,913,9,194043.4591,21560.3843,2 years
342,Mountain Toy Store,2011-10-31 00:00:00.000,2014-05-01 00:00:00.000,913,10,10227.5269,1022.7526,2 years
388,Remarkable Bike Store,2011-10-31 00:00:00.000,2014-05-01 00:00:00.000,913,11,113172.072,10288.3701,2 years
742,Vehicle Shop,2011-08-31 00:00:00.000,2014-03-01 00:00:00.000,913,8,13525.1368,1690.6421,2 years
716,Famous Bike Sales and Service,2011-10-31 00:00:00.000,2014-05-01 00:00:00.000,913,11,41979.0807,3816.28,2 years
1948,Classic Cycle Store,2011-08-31 00:00:00.000,2014-03-01 00:00:00.000,913,9,148385.9496,16487.3277,2 years
536,Nonskid Tire Company,2011-10-01 00:00:00.000,2014-03-31 00:00:00.000,912,10,17361.1884,1736.1188,2 years
520,Modern Bike Store,2011-08-01 00:00:00.000,2014-01-29 00:00:00.000,912,9,106288.0572,11809.7841,2 years
524,Lots of Bikes Storehouse,2011-10-01 00:00:00.000,2014-03-31 00:00:00.000,912,5,3820.3709,764.0741,2 years
960,The Showroom,2011-10-01 00:00:00.000,2014-03-31 00:00:00.000,912,4,2302.4574,575.6143,2 years
1456,Sunny Place Bikes,2011-10-01 00:00:00.000,2014-03-31 00:00:00.000,912,11,93877.1811,8534.2891,2 years
1478,Metropolitan Manufacturing,2011-10-01 00:00:00.000,2014-03-31 00:00:00.000,912,11,35940.1377,3267.2852,2 years
1884,Retirement Activities Association,2011-08-01 00:00:00.000,2014-01-29 00:00:00.000,912,4,1194.4582,298.6145,2 years
1864,Plastic Parts Company,2011-10-01 00:00:00.000,2014-03-31 00:00:00.000,912,8,12543.4908,1567.9363,2 years
1192,Non-Slip Pedal Company,2011-07-01 00:00:00.000,2013-09-30 00:00:00.000,822,9,114722.0767,12746.8974,2 years
1136,Rental Bikes,2011-07-01 00:00:00.000,2013-09-30 00:00:00.000,822,6,45690.8544,7615.1424,2 years
356,Serious Cycles,2011-07-01 00:00:00.000,2013-09-30 00:00:00.000,822,8,326175.9828,40771.9978,2 years
740,Touring Services,2011-08-01 00:00:00.000,2013-10-30 00:00:00.000,821,5,14400.5708,2880.1141,2 years
694,Genuine Bike Shop,2011-08-01 00:00:00.000,2013-10-30 00:00:00.000,821,7,49438.7051,7062.6721,2 years
1148,A Great Bicycle Company,2011-08-01 00:00:00.000,2013-10-30 00:00:00.000,821,6,10196.1966,1699.3661,2 years
1876,Demand Distributors,2012-04-30 00:00:00.000,2014-05-01 00:00:00.000,731,6,4748.4513,791.4085,2 years
1096,Retail Toy Store,2011-05-31 00:00:00.000,2013-05-30 00:00:00.000,730,7,5959.037,851.291,2 years
818,Suburban Cycle Shop,2011-07-01 00:00:00.000,2013-06-30 00:00:00.000,730,7,88435.3409,12633.6201,2 years
898,Tough and Reliable Parts,2011-10-01 00:00:00.000,2013-09-30 00:00:00.000,730,6,9619.5049,1603.2508,2 years
466,Scratch-Resistant Finishes Company,2011-07-01 00:00:00.000,2013-06-30 00:00:00.000,730,9,51533.2559,5725.9173,2 years
454,Tire Company,2011-10-01 00:00:00.000,2013-09-30 00:00:00.000,730,5,15378.0241,3075.6048,2 years
534,Prosperous Tours,2012-05-30 00:00:00.000,2014-03-01 00:00:00.000,640,8,399672.8579,49959.1072,1 years
558,Commendable Bikes,2012-05-30 00:00:00.000,2014-03-01 00:00:00.000,640,6,7841.7414,1306.9569,1 years
568,Hobby Store,2012-05-30 00:00:00.000,2014-03-01 00:00:00.000,640,8,3425.9024,428.2378,1 years
570,Professional Cycle Store,2012-05-30 00:00:00.000,2014-03-01 00:00:00.000,640,8,279225.9956,34903.2494,1 years
366,Activity Center,2012-05-30 00:00:00.000,2014-03-01 00:00:00.000,640,8,48061.4725,6007.684,1 years
326,Worthwhile Activity Store,2012-05-30 00:00:00.000,2014-03-01 00:00:00.000,640,7,147107.0296,21015.2899,1 years
932,Modular Cycle Systems,2012-05-30 00:00:00.000,2014-03-01 00:00:00.000,640,8,660645.9404,82580.7425,1 years
944,Number One Bike Co.,2012-05-30 00:00:00.000,2014-03-01 00:00:00.000,640,8,50673.1856,6334.1482,1 years
954,Futuristic Sport Distributors,2012-05-30 00:00:00.000,2014-03-01 00:00:00.000,640,8,348070.0746,43508.7593,1 years
792,Rally Day Mall,2012-05-30 00:00:00.000,2014-03-01 00:00:00.000,640,8,377088.6246,47136.078,1 years
874,Real Sporting Goods,2012-05-30 00:00:00.000,2014-03-01 00:00:00.000,640,8,449330.8159,56166.3519,1 years
684,This Area Sporting Goods,2012-05-30 00:00:00.000,2014-03-01 00:00:00.000,640,8,50149.2315,6268.6539,1 years
664,Casual Bicycle Store,2012-05-30 00:00:00.000,2014-03-01 00:00:00.000,640,8,402240.7953,50280.0994,1 years
744,First Department Stores,2012-05-30 00:00:00.000,2014-03-01 00:00:00.000,640,8,45316.8917,5664.6114,1 years
692,Grand Discount Store,2012-05-30 00:00:00.000,2014-03-01 00:00:00.000,640,8,329150.8419,41143.8552,1 years
762,Friendly Bike Shop,2012-05-30 00:00:00.000,2014-03-01 00:00:00.000,640,8,600077.2722,75009.659,1 years
768,Citywide Service and Repair,2012-05-30 00:00:00.000,2014-03-01 00:00:00.000,640,8,366009.6535,45751.2066,1 years
982,Steel Inc.,2012-05-30 00:00:00.000,2014-03-01 00:00:00.000,640,8,166136.4831,20767.0603,1 years
1002,Distant Inn,2012-05-30 00:00:00.000,2014-03-01 00:00:00.000,640,8,67712.4799,8464.0599,1 years
1154,Instant Cycle Store,2012-05-30 00:00:00.000,2014-03-01 00:00:00.000,640,6,9104.4789,1517.4131,1 years
1138,Roving Sports,2012-05-30 00:00:00.000,2014-03-01 00:00:00.000,640,7,19502.5955,2786.085,1 years
1162,Bikes for Kids and Adults,2012-05-30 00:00:00.000,2014-03-01 00:00:00.000,640,8,33364.2043,4170.5255,1 years
1234,Spare Parts Co.,2012-05-30 00:00:00.000,2014-03-01 00:00:00.000,640,8,285873.6939,35734.2117,1 years
1256,Specialty Sports Store,2012-05-30 00:00:00.000,2014-03-01 00:00:00.000,640,8,3980.787,497.5983,1 years
1878,Immediate Repair Shop,2012-05-30 00:00:00.000,2014-03-01 00:00:00.000,640,8,325324.054,40665.5067,1 years
1898,Valuable Bike Parts Company,2012-05-30 00:00:00.000,2014-03-01 00:00:00.000,640,8,280716.3647,35089.5455,1 years
1822,Gift and Toy Store,2012-05-30 00:00:00.000,2014-03-01 00:00:00.000,640,8,55823.3779,6977.9222,1 years
1840,Top Sports Supply,2012-05-30 00:00:00.000,2014-03-01 00:00:00.000,640,8,678828.8377,84853.6047,1 years
1862,Racing Association,2012-05-30 00:00:00.000,2014-03-01 00:00:00.000,640,5,5734.4915,1146.8983,1 years
1470,All Cycle Shop,2012-05-30 00:00:00.000,2014-03-01 00:00:00.000,640,8,3358.5076,419.8134,1 years
1388,Official Parts Shop,2012-05-30 00:00:00.000,2014-03-01 00:00:00.000,640,8,96507.6623,12063.4577,1 years
1430,Leather Seat Factory,2012-05-30 00:00:00.000,2014-03-01 00:00:00.000,640,8,533078.2844,66634.7855,1 years
1976,Exhilarating Cycles,2012-05-30 00:00:00.000,2014-03-01 00:00:00.000,640,8,378936.0887,47367.011,1 years
1986,Recreation Toy Store,2012-05-30 00:00:00.000,2014-03-01 00:00:00.000,640,8,13135.0333,1641.8791,1 years
1988,Retreat Inn,2012-06-30 00:00:00.000,2014-03-31 00:00:00.000,639,8,10033.8172,1254.2271,1 years
1994,World of Bikes,2012-07-31 00:00:00.000,2014-05-01 00:00:00.000,639,8,313671.5352,39208.9419,1 years
1982,Mail-Order Outlet,2012-06-30 00:00:00.000,2014-03-31 00:00:00.000,639,8,538333.4655,67291.6831,1 years
1984,Nearby Cycle Shop,2012-07-31 00:00:00.000,2014-05-01 00:00:00.000,639,8,307946.0796,38493.2599,1 years
1966,Convenient Sales and Service,2012-07-31 00:00:00.000,2014-05-01 00:00:00.000,639,8,195196.9483,24399.6185,1 years
1962,Metropolitan Equipment,2012-06-30 00:00:00.000,2014-03-31 00:00:00.000,639,8,725867.1659,90733.3957,1 years
1944,Quantity Discounts,2012-06-30 00:00:00.000,2014-03-31 00:00:00.000,639,8,381763.5549,47720.4443,1 years
1924,Bike Products and Accessories,2012-06-30 00:00:00.000,2014-03-31 00:00:00.000,639,8,4936.1176,617.0147,1 years
1422,Fashionable Department Stores,2012-06-30 00:00:00.000,2014-03-31 00:00:00.000,639,8,322801.3294,40350.1661,1 years
1424,Closeout Boutique,2012-06-30 00:00:00.000,2014-03-31 00:00:00.000,639,8,604794.7839,75599.3479,1 years
1410,Exclusive Bicycle Mart,2012-06-30 00:00:00.000,2014-03-31 00:00:00.000,639,6,5271.5439,878.5906,1 years
1398,Oils and Fluids Warehouse,2012-06-30 00:00:00.000,2014-03-31 00:00:00.000,639,8,70217.2163,8777.152,1 years
1400,Finished Parts Shop,2012-06-30 00:00:00.000,2014-03-31 00:00:00.000,639,8,40188.4765,5023.5595,1 years
1394,Tire Exchange,2012-06-30 00:00:00.000,2014-03-31 00:00:00.000,639,8,21069.7806,2633.7225,1 years
1376,Sports Products Store,2012-07-31 00:00:00.000,2014-05-01 00:00:00.000,639,8,51015.5565,6376.9445,1 years
1368,Reliable Retail Center,2012-07-31 00:00:00.000,2014-05-01 00:00:00.000,639,6,9549.7189,1591.6198,1 years
1278,Many Bikes Store,2012-07-31 00:00:00.000,2014-05-01 00:00:00.000,639,8,393520.7995,49190.0999,1 years
1274,Self-Contained Cycle Parts Company,2012-07-31 00:00:00.000,2014-05-01 00:00:00.000,639,7,5020.0276,717.1468,1 years
1290,Frugal Bike Shop,2012-06-30 00:00:00.000,2014-03-31 00:00:00.000,639,8,302690.5743,37836.3217,1 years
1324,Metro Sports Equipment,2012-07-31 00:00:00.000,2014-05-01 00:00:00.000,639,7,112703.6757,16100.5251,1 years
1326,Nearby Sporting Goods,2012-06-30 00:00:00.000,2014-03-31 00:00:00.000,639,5,8669.5054,1733.901,1 years
1316,Wheelsets Storehouse,2012-06-30 00:00:00.000,2014-03-31 00:00:00.000,639,8,248869.8958,31108.7369,1 years
1254,Mountain Bike Center,2012-06-30 00:00:00.000,2014-03-31 00:00:00.000,639,8,514317.5252,64289.6906,1 years
1320,Security Racks and Locks Wholesalers,2012-06-30 00:00:00.000,2014-03-31 00:00:00.000,639,8,5696.577,712.0721,1 years
1346,Fitness Hotel,2012-07-31 00:00:00.000,2014-05-01 00:00:00.000,639,8,11945.3244,1493.1655,1 years
1334,Chic Department Stores,2012-07-31 00:00:00.000,2014-05-01 00:00:00.000,639,8,331231.2975,41403.9121,1 years
1336,Eastside Department Store,2012-07-31 00:00:00.000,2014-05-01 00:00:00.000,639,8,718258.8109,89782.3513,1 years
1340,Cycle Merchants,2012-07-31 00:00:00.000,2014-05-01 00:00:00.000,639,8,7093.4713,886.6839,1 years
1472,Tachometers and Accessories,2012-07-31 00:00:00.000,2014-05-01 00:00:00.000,639,8,24931.8214,3116.4776,1 years
1450,Guaranteed Sales and Service,2012-06-30 00:00:00.000,2014-03-31 00:00:00.000,639,8,140787.7392,17598.4674,1 years
1444,Remote Bicycle Specialists,2012-07-31 00:00:00.000,2014-05-01 00:00:00.000,639,8,30113.5272,3764.1909,1 years
1480,Orange Bicycle Company,2012-06-30 00:00:00.000,2014-03-31 00:00:00.000,639,7,11245.176,1606.4537,1 years
1798,One Bike Company,2012-07-31 00:00:00.000,2014-05-01 00:00:00.000,639,8,68384.4244,8548.053,1 years
1802,Cycling Goods,2012-06-30 00:00:00.000,2014-03-31 00:00:00.000,639,8,68644.5658,8580.5707,1 years
1486,Rural Mountain Bike Mart,2012-06-30 00:00:00.000,2014-03-31 00:00:00.000,639,8,99688.7645,12461.0955,1 years
1816,Famous Bike Shop,2012-07-31 00:00:00.000,2014-05-01 00:00:00.000,639,8,51183.5661,6397.9457,1 years
1858,Bicycle Lines Distributors,2012-06-30 00:00:00.000,2014-03-31 00:00:00.000,639,8,309440.2794,38680.0349,1 years
1842,Racing Sales and Service,2012-07-31 00:00:00.000,2014-05-01 00:00:00.000,639,8,461467.3178,57683.4147,1 years
1844,Metropolitan Bicycle Supply,2012-07-31 00:00:00.000,2014-05-01 00:00:00.000,639,8,631355.0743,78919.3842,1 years
1836,Extraordinary Bike Works,2012-07-31 00:00:00.000,2014-05-01 00:00:00.000,639,8,471689.9206,58961.24,1 years
1830,Getaway Inn,2012-07-31 00:00:00.000,2014-05-01 00:00:00.000,639,8,360816.5491,45102.0686,1 years
1868,Executive Gift Store,2012-06-30 00:00:00.000,2014-03-31 00:00:00.000,639,8,164824.0728,20603.0091,1 years
1242,Field Trip Store,2012-06-30 00:00:00.000,2014-03-31 00:00:00.000,639,8,757449.6804,94681.21,1 years
1266,Reasonable Bicycle Sales,2012-06-30 00:00:00.000,2014-03-31 00:00:00.000,639,8,644168.1552,80521.0194,1 years
1236,Twelfth Bike Store,2012-06-30 00:00:00.000,2014-03-31 00:00:00.000,639,8,329064.433,41133.0541,1 years
1218,Fad Outlet,2012-07-31 00:00:00.000,2014-05-01 00:00:00.000,639,7,16240.964,2320.1377,1 years
1220,Commerce Bicycle Specialists,2012-06-30 00:00:00.000,2014-03-31 00:00:00.000,639,8,340132.1268,42516.5158,1 years
1200,General Supplies,2012-06-30 00:00:00.000,2014-03-31 00:00:00.000,639,8,358195.771,44774.4713,1 years
1202,Noiseless Gear Company,2012-06-30 00:00:00.000,2014-03-31 00:00:00.000,639,8,330853.4536,41356.6817,1 years
1188,"Fabrikam Inc., West",2012-07-31 00:00:00.000,2014-05-01 00:00:00.000,639,8,279722.7664,34965.3458,1 years
1184,Separate Parts Corporation,2011-05-31 00:00:00.000,2013-02-28 00:00:00.000,639,8,323176.2786,40397.0348,1 years
1150,Certified Bicycle Supply,2012-07-31 00:00:00.000,2014-05-01 00:00:00.000,639,8,45166.9405,5645.8675,1 years
1132,General Industries,2012-07-31 00:00:00.000,2014-05-01 00:00:00.000,639,7,9411.4058,1344.4865,1 years
1142,Major Amusement Company,2012-06-30 00:00:00.000,2014-03-31 00:00:00.000,639,8,31992.6547,3999.0818,1 years
1014,Bike World,2012-07-31 00:00:00.000,2014-05-01 00:00:00.000,639,8,106357.9807,13294.7475,1 years
1026,Metropolitan Sports Supply,2012-07-31 00:00:00.000,2014-05-01 00:00:00.000,639,8,97031.2173,12128.9021,1 years
1028,Progressive Sports,2012-06-30 00:00:00.000,2014-03-31 00:00:00.000,639,8,28309.9672,3538.7459,1 years
986,Metro Manufacturing,2012-06-30 00:00:00.000,2014-03-31 00:00:00.000,639,8,58808.1531,7351.0191,1 years
988,Manufacturers Inc,2012-06-30 00:00:00.000,2014-03-31 00:00:00.000,639,8,74645.4634,9330.6829,1 years
992,Latest Accessories Sales,2012-06-30 00:00:00.000,2014-03-31 00:00:00.000,639,5,18228.3542,3645.6708,1 years
962,Spa and Exercise Outfitters,2012-06-30 00:00:00.000,2014-03-31 00:00:00.000,639,8,236210.9015,29526.3626,1 years
976,Genial Bike Associates,2012-06-30 00:00:00.000,2014-03-31 00:00:00.000,639,8,331823.8605,41477.9825,1 years
1092,Good Toys,2012-07-31 00:00:00.000,2014-05-01 00:00:00.000,639,6,3167.0972,527.8495,1 years
1102,Leisure Clearing House,2012-06-30 00:00:00.000,2014-03-31 00:00:00.000,639,5,7960.2602,1592.052,1 years
1114,Community Department Stores,2012-07-31 00:00:00.000,2014-05-01 00:00:00.000,639,8,61405.0318,7675.6289,1 years
1116,Area Sheet Metal Supply,2012-06-30 00:00:00.000,2014-03-31 00:00:00.000,639,5,2760.0653,552.013,1 years
1068,Superior Hardware Distributors,2012-06-30 00:00:00.000,2014-03-31 00:00:00.000,639,7,5887.9998,841.1428,1 years
1074,Recreation Systems,2012-07-31 00:00:00.000,2014-05-01 00:00:00.000,639,7,4010.9492,572.9927,1 years
1052,Traditional Department Stores,2012-06-30 00:00:00.000,2014-03-31 00:00:00.000,639,8,178184.8558,22273.1069,1 years
1040,Family Cycle Store,2012-07-31 00:00:00.000,2014-05-01 00:00:00.000,639,8,281909.8552,35238.7319,1 years
766,Extreme Toy Store,2012-06-30 00:00:00.000,2014-03-31 00:00:00.000,639,7,23094.0255,3299.1465,1 years
776,Principal Bike Company,2012-07-31 00:00:00.000,2014-05-01 00:00:00.000,639,8,97102.3608,12137.7951,1 years
746,Grand Sport Boutique,2012-06-30 00:00:00.000,2014-03-31 00:00:00.000,639,8,92548.8494,11568.6061,1 years
732,Urban Sports Emporium,2012-06-30 00:00:00.000,2014-03-31 00:00:00.000,639,8,39661.4212,4957.6776,1 years
734,Superlative Bikes,2012-07-31 00:00:00.000,2014-05-01 00:00:00.000,639,8,28411.1304,3551.3913,1 years
658,Vigorous Sports Store,2012-07-31 00:00:00.000,2014-05-01 00:00:00.000,639,7,8095.6663,1156.5237,1 years
650,Distance Bikes,2012-06-30 00:00:00.000,2014-03-31 00:00:00.000,639,6,4068.4736,678.0789,1 years
634,Riverside Company,2012-06-30 00:00:00.000,2014-03-31 00:00:00.000,639,7,36079.2038,5154.1719,1 years
638,Responsible Bike Dealers,2012-07-31 00:00:00.000,2014-05-01 00:00:00.000,639,8,26741.013,3342.6266,1 years
698,Bike Rims Company,2011-05-31 00:00:00.000,2013-02-28 00:00:00.000,639,6,86090.9919,14348.4986,1 years
848,Satin Finish Company,2012-06-30 00:00:00.000,2014-03-31 00:00:00.000,639,8,313985.4367,39248.1795,1 years
786,Outdoor Equipment Store,2012-07-31 00:00:00.000,2014-05-01 00:00:00.000,639,8,841866.5522,105233.319,1 years
798,Sales and Supply Company,2012-07-31 00:00:00.000,2014-05-01 00:00:00.000,639,8,469525.749,58690.7186,1 years
802,Successful Sales Company,2012-07-31 00:00:00.000,2014-05-01 00:00:00.000,639,8,44065.4622,5508.1827,1 years
820,Weekend Tours,2011-05-31 00:00:00.000,2013-02-28 00:00:00.000,639,8,102216.0824,12777.0103,1 years
808,Registered Cycle Store,2012-06-30 00:00:00.000,2014-03-31 00:00:00.000,639,8,653973.7646,81746.7205,1 years
958,Big-Time Bike Store,2012-06-30 00:00:00.000,2014-03-31 00:00:00.000,639,8,93888.441,11736.0551,1 years
948,Standard Bikes,2012-06-30 00:00:00.000,2014-03-31 00:00:00.000,639,8,55608.3548,6951.0443,1 years
950,The Bicycle Accessories Company,2012-07-31 00:00:00.000,2014-05-01 00:00:00.000,639,8,33259.9208,4157.4901,1 years
938,Two Bike Shops,2012-07-31 00:00:00.000,2014-05-01 00:00:00.000,639,8,8853.5804,1106.6975,1 years
928,Rural Cycle Emporium,2012-07-31 00:00:00.000,2014-05-01 00:00:00.000,639,8,500181.7264,62522.7158,1 years
886,Our Sporting Goods Store,2012-07-31 00:00:00.000,2014-05-01 00:00:00.000,639,5,20326.274,4065.2548,1 years
892,Coho Sports,2012-06-30 00:00:00.000,2014-03-31 00:00:00.000,639,8,9571.9115,1196.4889,1 years
324,Valley Toy Store,2012-07-31 00:00:00.000,2014-05-01 00:00:00.000,639,8,264645.3146,33080.6643,1 years
332,Family's Favorite Bike Shop,2012-06-30 00:00:00.000,2014-03-31 00:00:00.000,639,7,11542.2556,1648.8936,1 years
432,Bulk Discount Store,2012-07-31 00:00:00.000,2014-05-01 00:00:00.000,639,8,534117.5619,66764.6952,1 years
422,Bike Boutique,2012-06-30 00:00:00.000,2014-03-31 00:00:00.000,639,8,321014.9284,40126.866,1 years
428,Finer Cycle Shop,2012-06-30 00:00:00.000,2014-03-31 00:00:00.000,639,8,66718.9124,8339.864,1 years
472,Safe Cycles Shop,2012-07-31 00:00:00.000,2014-05-01 00:00:00.000,639,8,499815.3125,62476.914,1 years
474,Number 1 Supply,2012-06-30 00:00:00.000,2014-03-31 00:00:00.000,639,8,356524.0763,44565.5095,1 years
440,Juvenile Sports Equipment,2011-05-31 00:00:00.000,2013-02-28 00:00:00.000,639,8,238924.2599,29865.5324,1 years
382,Work and Play Association,2012-07-31 00:00:00.000,2014-05-01 00:00:00.000,639,8,162305.8093,20288.2261,1 years
414,Lubricant and Grease Suppliers,2012-06-30 00:00:00.000,2014-03-31 00:00:00.000,639,8,60010.9459,7501.3682,1 years
398,Grand Bicycle Stores,2012-07-31 00:00:00.000,2014-05-01 00:00:00.000,639,8,15812.5851,1976.5731,1 years
562,Custom Accessories Company,2012-06-30 00:00:00.000,2014-03-31 00:00:00.000,639,8,302983.1192,37872.8899,1 years
556,Mechanical Products Ltd.,2012-06-30 00:00:00.000,2014-03-31 00:00:00.000,639,8,46391.1048,5798.8881,1 years
584,Curbside Universe,2011-05-31 00:00:00.000,2013-02-28 00:00:00.000,639,7,18398.3255,2628.3322,1 years
602,Uttermost Bike Shop,2012-06-30 00:00:00.000,2014-03-31 00:00:00.000,639,8,348640.9465,43580.1183,1 years
604,Mechanical Sports Center,2012-06-30 00:00:00.000,2014-03-31 00:00:00.000,639,7,6724.719,960.6741,1 years
598,Sheet Metal Manufacturing,2012-06-30 00:00:00.000,2014-03-31 00:00:00.000,639,8,695242.2258,86905.2782,1 years
622,Bikes and Motorbikes,2012-06-30 00:00:00.000,2014-03-31 00:00:00.000,639,8,281414.838,35176.8547,1 years
628,Ace Bicycle Supply,2012-06-30 00:00:00.000,2014-03-31 00:00:00.000,639,6,4222.0066,703.6677,1 years
492,Coalition Bike Company,2012-07-31 00:00:00.000,2014-05-01 00:00:00.000,639,8,15976.553,1997.0691,1 years
510,Bikes for Two,2012-07-31 00:00:00.000,2014-05-01 00:00:00.000,639,8,8792.733,1099.0916,1 years
506,Third Bike Store,2012-07-31 00:00:00.000,2014-05-01 00:00:00.000,639,8,20712.4174,2589.0521,1 years
526,Futuristic Bikes,2012-07-31 00:00:00.000,2014-05-01 00:00:00.000,639,7,6504.8271,929.261,1 years
516,Initial Bike Company,2012-07-31 00:00:00.000,2014-05-01 00:00:00.000,639,8,320244.2906,40030.5363,1 years
540,Metro Bike Works,2012-06-30 00:00:00.000,2014-03-31 00:00:00.000,639,7,10009.4832,1429.9261,1 years
546,Client Discount Store,2012-06-30 00:00:00.000,2014-03-31 00:00:00.000,639,8,24927.7595,3115.9699,1 years
452,Field Trip Inc,2011-10-01 00:00:00.000,2013-06-30 00:00:00.000,638,8,16912.9207,2114.115,1 years
478,Golf and Cycle Store,2011-08-01 00:00:00.000,2013-04-30 00:00:00.000,638,8,665292.381,83161.5476,1 years
340,eCommerce Bikes,2011-07-01 00:00:00.000,2013-03-30 00:00:00.000,638,8,502367.0397,62795.8799,1 years
292,Next-Door Bike Store,2011-08-01 00:00:00.000,2013-04-30 00:00:00.000,638,7,147804.9208,21114.9886,1 years
878,Bicycle Outfitters,2011-08-01 00:00:00.000,2013-04-30 00:00:00.000,638,8,205886.8086,25735.851,1 years
668,General Cycle Storehouse,2011-08-01 00:00:00.000,2013-04-30 00:00:00.000,638,8,295434.8253,36929.3531,1 years
738,Sixth Bike Store,2011-07-01 00:00:00.000,2013-03-30 00:00:00.000,638,8,69588.4447,8698.5555,1 years
790,Preferred Bikes,2011-07-01 00:00:00.000,2013-03-30 00:00:00.000,638,8,465429.5734,58178.6966,1 years
1108,Affordable Sports Equipment,2011-07-01 00:00:00.000,2013-03-30 00:00:00.000,638,8,350717.9904,43839.7488,1 years
1174,Sure & Reliable Sporting Goods,2011-07-01 00:00:00.000,2013-03-30 00:00:00.000,638,8,435986.1289,54498.2661,1 years
1896,Tenth Bike Store,2011-07-01 00:00:00.000,2013-03-30 00:00:00.000,638,8,516254.7953,64531.8494,1 years
1436,Practical Bike Supply Company,2011-08-01 00:00:00.000,2013-04-30 00:00:00.000,638,4,12066.9183,3016.7295,1 years
1312,National Manufacturing,2011-07-01 00:00:00.000,2013-03-30 00:00:00.000,638,8,172785.8625,21598.2328,1 years
1406,Professional Cyclists,2011-07-01 00:00:00.000,2013-03-30 00:00:00.000,638,8,24593.9994,3074.2499,1 years
1968,Solid Bike Parts,2011-08-01 00:00:00.000,2013-04-30 00:00:00.000,638,8,113981.9967,14247.7495,1 years
1112,Economy Center,2011-07-01 00:00:00.000,2012-12-31 00:00:00.000,549,3,3901.348,1300.4493,1 years
1270,Outdoor Sports Supply,2011-07-01 00:00:00.000,2012-12-31 00:00:00.000,549,7,182777.7771,26111.111,1 years
916,Blue Bicycle Company,2012-06-30 00:00:00.000,2013-12-31 00:00:00.000,549,3,4423.1145,1474.3715,1 years
844,Future Bikes,2012-10-30 00:00:00.000,2014-05-01 00:00:00.000,548,6,12438.7096,2073.1182,1 years
308,Valley Bicycle Specialists,2012-10-30 00:00:00.000,2014-05-01 00:00:00.000,548,6,158025.1722,26337.5287,1 years
1048,Countryside Company,2012-08-30 00:00:00.000,2014-03-01 00:00:00.000,548,7,7834.8172,1119.2596,1 years
1960,Sports Store,2012-10-30 00:00:00.000,2014-05-01 00:00:00.000,548,4,7095.0672,1773.7668,1 years
966,The New Bike Store,2011-10-31 00:00:00.000,2013-04-30 00:00:00.000,547,7,6040.9608,862.9944,1 years
1216,Beneficial Exercises and Activities,2012-07-31 00:00:00.000,2014-01-29 00:00:00.000,547,5,1935.1035,387.0207,1 years
1408,Sports Products Store,2012-09-30 00:00:00.000,2014-03-31 00:00:00.000,547,4,1953.8345,488.4586,1 years
1412,City Manufacturing,2012-09-30 00:00:00.000,2014-03-31 00:00:00.000,547,7,6276.6629,896.6661,1 years
1372,Friendly Bike Shop,2011-08-31 00:00:00.000,2013-02-28 00:00:00.000,547,7,34242.491,4891.7844,1 years
1838,Valley Bicycle Distributors,2012-09-30 00:00:00.000,2014-03-31 00:00:00.000,547,7,32609.6356,4658.5193,1 years
620,Tandem Bicycle Store,2012-09-30 00:00:00.000,2014-03-31 00:00:00.000,547,7,14250.8476,2035.8353,1 years
822,Racing Bike Outlet,2012-09-30 00:00:00.000,2014-03-31 00:00:00.000,547,7,8614.0445,1230.5777,1 years
902,Cash & Carry Bikes,2012-07-31 00:00:00.000,2014-01-29 00:00:00.000,547,4,4512.0247,1128.0061,1 years
1458,Alpine Ski House,2011-10-01 00:00:00.000,2013-03-30 00:00:00.000,546,7,12778.5771,1825.511,1 years
1280,Largest Bike Store,2011-10-01 00:00:00.000,2013-03-30 00:00:00.000,546,5,2183.9598,436.7919,1 years
964,Year-Round Sports,2011-07-01 00:00:00.000,2012-09-30 00:00:00.000,457,6,167452.6003,27908.7667,1 years
418,Transportation Options,2011-10-01 00:00:00.000,2012-12-31 00:00:00.000,457,5,4481.7148,896.3429,1 years
872,Summer Sports Place,2012-07-31 00:00:00.000,2013-10-30 00:00:00.000,456,4,2835.6847,708.9211,1 years
1364,Tandem Sales and Service,2011-08-01 00:00:00.000,2012-10-30 00:00:00.000,456,6,28114.4842,4685.7473,1 years
1118,Synthetic Materials Manufacturing,2011-12-01 00:00:00.000,2013-02-28 00:00:00.000,455,3,3270.506,1090.1686,1 years
920,General Riding Supplies,2012-12-31 00:00:00.000,2014-03-31 00:00:00.000,455,2,1575.882,787.941,1 years
1448,Friendly Neighborhood Bikes,2013-04-30 00:00:00.000,2014-05-01 00:00:00.000,366,5,12534.8796,2506.9759,1 years
1428,Spoke Manufacturers,2012-05-30 00:00:00.000,2013-05-30 00:00:00.000,365,5,1821.0996,364.2199,1 years
1034,The Accessories Store,2012-06-30 00:00:00.000,2013-06-30 00:00:00.000,365,5,3964.3645,792.8729,1 years
1170,Sample Bike Store,2011-08-01 00:00:00.000,2012-07-31 00:00:00.000,365,5,98196.569,19639.3138,1 years
726,Westside Cycle Store,2011-10-31 00:00:00.000,2012-10-30 00:00:00.000,365,4,2717.6198,679.4049,1 years
718,First Supplies,2013-05-30 00:00:00.000,2014-03-01 00:00:00.000,275,4,34882.524,8720.631,Less than 1 year
720,Machines & Cycles Store,2013-05-30 00:00:00.000,2014-03-01 00:00:00.000,275,4,52748.2969,13187.0742,Less than 1 year
736,Primary Cycle Shop,2013-05-30 00:00:00.000,2014-03-01 00:00:00.000,275,7,9680.9447,1382.9921,Less than 1 year
770,Best Cycle Store,2013-05-30 00:00:00.000,2014-03-01 00:00:00.000,275,4,307800.8569,76950.2142,Less than 1 year
772,Professional Sporting Goods,2013-05-30 00:00:00.000,2014-03-01 00:00:00.000,275,4,5131.394,1282.8485,Less than 1 year
670,Fitness Cycling,2013-05-30 00:00:00.000,2014-03-01 00:00:00.000,275,4,1720.8825,430.2206,Less than 1 year
666,Fitness Discount Store,2013-05-30 00:00:00.000,2014-03-01 00:00:00.000,275,4,3876.8885,969.2221,Less than 1 year
636,Bicycle Exporters,2013-05-30 00:00:00.000,2014-03-01 00:00:00.000,275,4,34605.00,8651.25,Less than 1 year
652,Westside Plaza,2013-05-30 00:00:00.000,2014-03-01 00:00:00.000,275,4,606819.6087,151704.9021,Less than 1 year
688,Plastic Products Manufacturers,2013-05-30 00:00:00.000,2014-03-01 00:00:00.000,275,4,44104.1959,11026.0489,Less than 1 year
940,Cycles Wholesaler & Mfg.,2013-05-30 00:00:00.000,2014-03-01 00:00:00.000,275,4,116621.1333,29155.2833,Less than 1 year
876,Versatile Sporting Goods Company,2013-05-30 00:00:00.000,2014-03-01 00:00:00.000,275,8,17802.6999,2225.3374,Less than 1 year
858,Roadway Bike Emporium,2013-05-30 00:00:00.000,2014-03-01 00:00:00.000,275,4,167690.1309,41922.5327,Less than 1 year
330,Major Sport Suppliers,2013-05-30 00:00:00.000,2014-03-01 00:00:00.000,275,4,1291.8825,322.9706,Less than 1 year
630,Rural Department Store,2013-05-30 00:00:00.000,2014-03-01 00:00:00.000,275,4,30395.4433,7598.8608,Less than 1 year
564,Unusual Bicycle Company,2013-05-30 00:00:00.000,2014-03-01 00:00:00.000,275,4,9613.3813,2403.3453,Less than 1 year
550,Helmets and Cycles,2013-05-30 00:00:00.000,2014-03-01 00:00:00.000,275,4,131484.2996,32871.0749,Less than 1 year
542,Best o' Bikes,2013-05-30 00:00:00.000,2014-03-01 00:00:00.000,275,4,20867.0069,5216.7517,Less than 1 year
538,Amalgamated Parts Shop,2013-05-30 00:00:00.000,2014-03-01 00:00:00.000,275,4,223583.8648,55895.9662,Less than 1 year
1146,Vale Riding Supplies,2013-05-30 00:00:00.000,2014-03-01 00:00:00.000,275,4,24125.5655,6031.3913,Less than 1 year
1072,Producer Goods Clearinghouse,2013-05-30 00:00:00.000,2014-03-01 00:00:00.000,275,8,17225.5661,2153.1957,Less than 1 year
1152,Exceptional Cycle Services,2013-05-30 00:00:00.000,2014-03-01 00:00:00.000,275,4,25614.0199,6403.5049,Less than 1 year
1198,"Fabrikam Inc., East",2013-05-30 00:00:00.000,2014-03-01 00:00:00.000,275,4,131237.7017,32809.4254,Less than 1 year
1036,Mountain Bike Store,2013-05-30 00:00:00.000,2014-03-01 00:00:00.000,275,4,120813.0175,30203.2543,Less than 1 year
1100,All Seasons Sports Supply,2013-05-30 00:00:00.000,2014-03-01 00:00:00.000,275,4,8381.6941,2095.4235,Less than 1 year
1054,Eastside Cycle Shop,2013-05-30 00:00:00.000,2014-03-01 00:00:00.000,275,4,3017.5686,754.3921,Less than 1 year
1404,Rally Master Company Inc,2013-05-30 00:00:00.000,2014-03-01 00:00:00.000,275,4,402574.8569,100643.7142,Less than 1 year
1366,Sensible Sports,2013-05-30 00:00:00.000,2014-03-01 00:00:00.000,275,4,30177.3446,7544.3361,Less than 1 year
1302,Exhibition Showroom,2013-05-30 00:00:00.000,2014-03-01 00:00:00.000,275,4,176701.5844,44175.3961,Less than 1 year
1846,Honest Repair Service,2013-05-30 00:00:00.000,2014-03-01 00:00:00.000,275,4,185558.8316,46389.7079,Less than 1 year
1888,Vintage Sport Boutique,2013-05-30 00:00:00.000,2014-03-01 00:00:00.000,275,4,241374.5037,60343.6259,Less than 1 year
1990,Technical Parts Manufacturing,2013-05-30 00:00:00.000,2014-03-01 00:00:00.000,275,4,211671.2674,52917.8168,Less than 1 year
1964,Extended Tours,2012-05-30 00:00:00.000,2013-02-28 00:00:00.000,274,4,6322.6323,1580.658,Less than 1 year
1958,Ultimate Bicycle Company,2013-06-30 00:00:00.000,2014-03-31 00:00:00.000,274,4,166847.2483,41711.812,Less than 1 year
1950,"Helpful Sales and Repair Service ",2013-07-31 00:00:00.000,2014-05-01 00:00:00.000,274,4,120560.4446,30140.1111,Less than 1 year
1926,Fitness Toys,2013-06-30 00:00:00.000,2014-03-31 00:00:00.000,274,4,5282.5744,1320.6436,Less than 1 year
1928,Quick Parts and Service,2013-07-31 00:00:00.000,2014-05-01 00:00:00.000,274,4,115500.1941,28875.0485,Less than 1 year
1938,Cycle Parts and Accessories,2013-07-31 00:00:00.000,2014-05-01 00:00:00.000,274,4,130063.1207,32515.7801,Less than 1 year
1940,Fasteners & Bolts Outlet,2013-06-30 00:00:00.000,2014-03-31 00:00:00.000,274,4,111168.3274,27792.0818,Less than 1 year
1914,Educational Services,2013-07-31 00:00:00.000,2014-05-01 00:00:00.000,274,4,132423.9085,33105.9771,Less than 1 year
1932,Thrifty Parts and Sales,2013-07-31 00:00:00.000,2014-05-01 00:00:00.000,274,4,5894.0226,1473.5056,Less than 1 year
1890,Travel Sports,2013-07-31 00:00:00.000,2014-05-01 00:00:00.000,274,4,181477.8617,45369.4654,Less than 1 year
1892,West Side Mart,2013-07-31 00:00:00.000,2014-05-01 00:00:00.000,274,3,383.0017,127.6672,Less than 1 year
1894,The Bike Outlet,2013-06-30 00:00:00.000,2014-03-31 00:00:00.000,274,4,119292.9236,29823.2309,Less than 1 year
1886,Trendy Department Stores,2013-07-31 00:00:00.000,2014-05-01 00:00:00.000,274,4,5226.8256,1306.7064,Less than 1 year
1870,Big Cycle Mall,2013-06-30 00:00:00.000,2014-03-31 00:00:00.000,274,4,13647.4425,3411.8606,Less than 1 year
1872,Budget Bike Company,2013-06-30 00:00:00.000,2014-03-31 00:00:00.000,274,3,1202.1977,400.7325,Less than 1 year
1874,Eighth Bike Store,2013-06-30 00:00:00.000,2014-03-31 00:00:00.000,274,4,121147.8071,30286.9517,Less than 1 year
1880,Off-Price Bike Center,2013-07-31 00:00:00.000,2014-05-01 00:00:00.000,274,4,2092.0874,523.0218,Less than 1 year
1866,Gears and Parts Company,2013-06-30 00:00:00.000,2014-03-31 00:00:00.000,274,4,164735.9592,41183.9898,Less than 1 year
1850,Wheel Gallery,2011-05-31 00:00:00.000,2012-02-29 00:00:00.000,274,4,21863.8998,5465.9749,Less than 1 year
1852,Top Bike Market,2013-07-31 00:00:00.000,2014-05-01 00:00:00.000,274,3,6460.1327,2153.3775,Less than 1 year
1856,Grown-up Bike Store,2013-06-30 00:00:00.000,2014-03-31 00:00:00.000,274,4,19949.7654,4987.4413,Less than 1 year
1440,Variety Cycling,2013-06-30 00:00:00.000,2014-03-31 00:00:00.000,274,4,109753.0267,27438.2566,Less than 1 year
1442,Accessories Network,2013-07-31 00:00:00.000,2014-05-01 00:00:00.000,274,3,2450.4786,816.8262,Less than 1 year
1462,Small Bike Accessories Shop,2013-06-30 00:00:00.000,2014-03-31 00:00:00.000,274,4,77287.5609,19321.8902,Less than 1 year
1464,List Price Catalog Company,2013-06-30 00:00:00.000,2014-03-31 00:00:00.000,274,4,66640.3556,16660.0889,Less than 1 year
1474,Cycles Sales and Repair,2013-07-31 00:00:00.000,2014-05-01 00:00:00.000,274,4,74771.1754,18692.7938,Less than 1 year
1476,Low Price Cycles,2013-06-30 00:00:00.000,2014-03-31 00:00:00.000,274,4,12686.2211,3171.5552,Less than 1 year
1818,Eastward Bike Accessories,2013-07-31 00:00:00.000,2014-05-01 00:00:00.000,274,4,3373.0239,843.2559,Less than 1 year
1490,Engineered Bike Systems,2013-07-31 00:00:00.000,2014-05-01 00:00:00.000,274,4,25454.6959,6363.6739,Less than 1 year
1808,Transport Bikes,2013-07-31 00:00:00.000,2014-05-01 00:00:00.000,274,4,5063.2899,1265.8224,Less than 1 year
1810,Sellers of Cycles,2013-07-31 00:00:00.000,2014-05-01 00:00:00.000,274,4,27794.1107,6948.5276,Less than 1 year
1812,Maintenance and Repair for Bicycles,2013-06-30 00:00:00.000,2014-03-31 00:00:00.000,274,4,21186.4118,5296.6029,Less than 1 year
1804,Cycle Clearance,2013-07-31 00:00:00.000,2014-05-01 00:00:00.000,274,4,11670.4948,2917.6237,Less than 1 year
1482,Riding Associates,2013-06-30 00:00:00.000,2014-03-31 00:00:00.000,274,4,11639.3708,2909.8427,Less than 1 year
1484,Essential Bike Works,2013-07-31 00:00:00.000,2014-05-01 00:00:00.000,274,2,66.0833,33.0416,Less than 1 year
1304,Authorized Bike Sales and Rental,2013-06-30 00:00:00.000,2014-03-31 00:00:00.000,274,4,167810.3704,41952.5926,Less than 1 year
1306,Two-Seater Bikes,2013-07-31 00:00:00.000,2014-05-01 00:00:00.000,274,3,3400.8402,1133.6134,Less than 1 year
1298,Racing Partners,2013-07-31 00:00:00.000,2014-05-01 00:00:00.000,274,4,11399.2362,2849.809,Less than 1 year
1300,Perfect Toys,2013-06-30 00:00:00.000,2014-03-31 00:00:00.000,274,4,443136.5854,110784.1463,Less than 1 year
1282,Kickstands and Accessories Company,2013-07-31 00:00:00.000,2014-05-01 00:00:00.000,274,4,130404.7884,32601.1971,Less than 1 year
1284,Instruments and Parts Company,2013-07-31 00:00:00.000,2014-05-01 00:00:00.000,274,4,228053.1314,57013.2828,Less than 1 year
1286,Neighborhood Bicycle Storehouse,2013-07-31 00:00:00.000,2014-05-01 00:00:00.000,274,3,629.0524,209.6841,Less than 1 year
1292,Family Entertainment Center,2013-06-30 00:00:00.000,2014-03-31 00:00:00.000,274,4,5314.3892,1328.5973,Less than 1 year
1294,Go-cart and Bike Specialists,2012-05-30 00:00:00.000,2013-02-28 00:00:00.000,274,4,155877.0993,38969.2748,Less than 1 year
1276,Metal Clearing House,2013-06-30 00:00:00.000,2014-03-31 00:00:00.000,274,4,103991.2657,25997.8164,Less than 1 year
1342,Global Sports Outlet,2013-07-31 00:00:00.000,2014-05-01 00:00:00.000,274,4,4814.2344,1203.5586,Less than 1 year
1352,Grand Industries,2013-07-31 00:00:00.000,2014-05-01 00:00:00.000,274,4,160410.3804,40102.5951,Less than 1 year
1354,Ideal Components,2013-07-31 00:00:00.000,2014-05-01 00:00:00.000,274,3,7520.2499,2506.7499,Less than 1 year
1318,Town Industries,2013-07-31 00:00:00.000,2014-05-01 00:00:00.000,274,3,11325.5993,3775.1997,Less than 1 year
1370,Liquidation Sales,2013-07-31 00:00:00.000,2014-05-01 00:00:00.000,274,4,69515.4239,17378.8559,Less than 1 year
1396,Racing Tours,2013-06-30 00:00:00.000,2014-03-31 00:00:00.000,274,4,22929.4604,5732.3651,Less than 1 year
1380,Impervious Paint Company,2013-06-30 00:00:00.000,2014-03-31 00:00:00.000,274,4,14320.2259,3580.0564,Less than 1 year
1384,Finer Sporting Goods,2013-06-30 00:00:00.000,2014-03-31 00:00:00.000,274,4,38649.3061,9662.3265,Less than 1 year
1434,Endurance Bikes,2013-06-30 00:00:00.000,2014-03-31 00:00:00.000,274,4,2135.2259,533.8064,Less than 1 year
1420,Global Bike Retailers,2013-06-30 00:00:00.000,2014-03-31 00:00:00.000,274,4,381607.9961,95401.999,Less than 1 year
1042,Popular Bike Lines,2013-07-31 00:00:00.000,2014-05-01 00:00:00.000,274,4,119150.4488,29787.6122,Less than 1 year
1076,Rustic Bike Store,2013-07-31 00:00:00.000,2014-05-01 00:00:00.000,274,4,3609.1572,902.2893,Less than 1 year
1078,Eastside Parts Shop,2013-07-31 00:00:00.000,2014-05-01 00:00:00.000,274,3,1902.4439,634.1479,Less than 1 year
1080,Exchange Parts Inc.,2013-07-31 00:00:00.000,2014-05-01 00:00:00.000,274,4,127265.1484,31816.2871,Less than 1 year
1094,Little Bicycle Supply Shop,2013-06-30 00:00:00.000,2014-03-31 00:00:00.000,274,3,4022.0953,1340.6984,Less than 1 year
1084,Running and Cycling Gear,2013-07-31 00:00:00.000,2014-05-01 00:00:00.000,274,4,243845.1788,60961.2947,Less than 1 year
1088,Fast Services,2013-06-30 00:00:00.000,2014-03-31 00:00:00.000,274,6,7194.1139,1199.0189,Less than 1 year
1110,Local Sales and Rental,2013-07-31 00:00:00.000,2014-05-01 00:00:00.000,274,4,7219.9268,1804.9817,Less than 1 year
1038,Bike Part Wholesalers,2013-07-31 00:00:00.000,2014-05-01 00:00:00.000,274,4,119231.7975,29807.9493,Less than 1 year
1030,Underglaze and Finish Company,2013-06-30 00:00:00.000,2014-03-31 00:00:00.000,274,4,135766.4747,33941.6186,Less than 1 year
1024,Exemplary Cycles,2013-06-30 00:00:00.000,2014-03-31 00:00:00.000,274,4,25064.6472,6266.1618,Less than 1 year
1020,Bicycle Warehouse Inc.,2013-07-31 00:00:00.000,2014-05-01 00:00:00.000,274,8,8393.509,1049.1886,Less than 1 year
1004,Finer Mart,2013-07-31 00:00:00.000,2014-05-01 00:00:00.000,274,4,10778.51,2694.6275,Less than 1 year
994,Incomparable Bicycle Store,2013-07-31 00:00:00.000,2014-05-01 00:00:00.000,274,4,27421.8165,6855.4541,Less than 1 year
1000,Games and Sport Supply Company,2013-07-31 00:00:00.000,2014-05-01 00:00:00.000,274,4,20330.4564,5082.6141,Less than 1 year
990,Locks Company,2013-07-31 00:00:00.000,2014-05-01 00:00:00.000,274,4,49614.9179,12403.7294,Less than 1 year
984,Riding Cycles,2013-07-31 00:00:00.000,2014-05-01 00:00:00.000,274,4,318625.6048,79656.4012,Less than 1 year
1178,Enterprise Center,2013-07-31 00:00:00.000,2014-05-01 00:00:00.000,274,4,9686.1306,2421.5326,Less than 1 year
1206,Capable Sales and Service,2011-05-31 00:00:00.000,2012-02-29 00:00:00.000,274,4,167617.4199,41904.3549,Less than 1 year
1210,Pretty Bikes and Toys,2013-06-30 00:00:00.000,2014-03-31 00:00:00.000,274,4,149592.9358,37398.2339,Less than 1 year
1230,Fitness Supplies,2013-06-30 00:00:00.000,2014-03-31 00:00:00.000,274,4,127453.7862,31863.4465,Less than 1 year
1232,Mail Market,2013-06-30 00:00:00.000,2014-03-31 00:00:00.000,274,3,525.3083,175.1027,Less than 1 year
1260,Closest Bicycle Store,2013-07-31 00:00:00.000,2014-05-01 00:00:00.000,274,4,132439.4619,33109.8654,Less than 1 year
1262,Roadway Bicycle Supply,2013-06-30 00:00:00.000,2014-03-31 00:00:00.000,274,4,493816.8809,123454.2202,Less than 1 year
1238,Consolidated Messenger,2013-06-30 00:00:00.000,2014-03-31 00:00:00.000,274,4,144435.8847,36108.9711,Less than 1 year
1240,Daring Rides,2011-05-31 00:00:00.000,2012-02-29 00:00:00.000,274,4,92154.313,23038.5782,Less than 1 year
1248,Glossy Bikes,2013-07-31 00:00:00.000,2014-05-01 00:00:00.000,274,4,270690.6142,67672.6535,Less than 1 year
1250,Next Door Cycles,2013-07-31 00:00:00.000,2014-05-01 00:00:00.000,274,4,249384.5213,62346.1303,Less than 1 year
1252,Up-To-Date Sports,2013-06-30 00:00:00.000,2014-03-31 00:00:00.000,274,4,141699.989,35424.9972,Less than 1 year
1130,Efficient Cycling,2013-06-30 00:00:00.000,2014-03-31 00:00:00.000,274,4,13862.1415,3465.5353,Less than 1 year
1140,Express Bike Services,2013-06-30 00:00:00.000,2014-03-31 00:00:00.000,274,4,14812.7687,3703.1921,Less than 1 year
1158,Paints and Solvents Company,2013-07-31 00:00:00.000,2014-05-01 00:00:00.000,274,4,66227.5116,16556.8779,Less than 1 year
1160,West Wind Distributors,2013-07-31 00:00:00.000,2014-05-01 00:00:00.000,274,4,33032.3816,8258.0954,Less than 1 year
1166,Home Town Bike Store,2013-07-31 00:00:00.000,2014-05-01 00:00:00.000,274,4,2507.2723,626.818,Less than 1 year
552,Requisite Part Supply,2011-05-31 00:00:00.000,2012-02-29 00:00:00.000,274,4,41264.0391,10316.0097,Less than 1 year
554,Racks and Security Systems,2013-06-30 00:00:00.000,2014-03-31 00:00:00.000,274,4,11509.0757,2877.2689,Less than 1 year
548,Eastside Sporting Goods,2012-05-30 00:00:00.000,2013-02-28 00:00:00.000,274,4,402874.3907,100718.5976,Less than 1 year
532,North Bike Company,2013-06-30 00:00:00.000,2014-03-31 00:00:00.000,274,8,50117.8904,6264.7363,Less than 1 year
480,Front Runner Bikes,2013-07-31 00:00:00.000,2014-05-01 00:00:00.000,274,4,208806.1592,52201.5398,Less than 1 year
482,Favorite Toy Distributor,2013-06-30 00:00:00.000,2014-03-31 00:00:00.000,274,4,320894.205,80223.5512,Less than 1 year
456,Uncompromising Quality Co,2013-06-30 00:00:00.000,2014-03-31 00:00:00.000,274,4,13147.5776,3286.8944,Less than 1 year
464,Odometers and Accessories Company,2013-07-31 00:00:00.000,2014-05-01 00:00:00.000,274,4,222988.2625,55747.0656,Less than 1 year
488,Historic Bicycle Sales,2011-05-31 00:00:00.000,2012-02-29 00:00:00.000,274,4,29903.9498,7475.9874,Less than 1 year
490,Commuter Bicycle Store,2013-06-30 00:00:00.000,2014-03-31 00:00:00.000,274,4,3363.9539,840.9884,Less than 1 year
502,Eighty Toy Stores,2013-07-31 00:00:00.000,2014-05-01 00:00:00.000,274,4,19628.4772,4907.1193,Less than 1 year
566,Courteous Bicycle Specialists,2013-07-31 00:00:00.000,2014-05-01 00:00:00.000,274,4,2942.1874,735.5468,Less than 1 year
588,Channel Outlet,2013-07-31 00:00:00.000,2014-05-01 00:00:00.000,274,3,2395.3115,798.4371,Less than 1 year
590,Full Sports Supply,2012-05-30 00:00:00.000,2013-02-28 00:00:00.000,274,4,31727.7716,7931.9429,Less than 1 year
580,Farthest Bike Store,2013-06-30 00:00:00.000,2014-03-31 00:00:00.000,274,4,221704.253,55426.0632,Less than 1 year
582,Excellent Bikes,2013-06-30 00:00:00.000,2014-03-31 00:00:00.000,274,4,210334.4128,52583.6032,Less than 1 year
624,Budget Toy Store,2013-07-31 00:00:00.000,2014-05-01 00:00:00.000,274,4,163865.4832,40966.3708,Less than 1 year
626,Camping and Sports Store,2013-07-31 00:00:00.000,2014-05-01 00:00:00.000,274,4,389437.6577,97359.4144,Less than 1 year
618,Petroleum Products Distributors,2013-07-31 00:00:00.000,2014-05-01 00:00:00.000,274,4,191750.1446,47937.5361,Less than 1 year
596,Metro Metals Co.,2013-06-30 00:00:00.000,2014-03-31 00:00:00.000,274,4,340396.3242,85099.081,Less than 1 year
306,Clamps & Brackets Co.,2011-05-31 00:00:00.000,2012-02-29 00:00:00.000,274,4,98273.5468,24568.3867,Less than 1 year
328,Purchase Mart,2013-07-31 00:00:00.000,2014-05-01 00:00:00.000,274,4,9945.16,2486.29,Less than 1 year
314,Top of the Line Bikes,2013-06-30 00:00:00.000,2014-03-31 00:00:00.000,274,3,3854.4489,1284.8163,Less than 1 year
316,Fun Toys and Bikes,2013-07-31 00:00:00.000,2014-05-01 00:00:00.000,274,4,107741.109,26935.2772,Less than 1 year
294,Professional Sales and Service,2013-07-31 00:00:00.000,2014-05-01 00:00:00.000,274,4,127379.7919,31844.9479,Less than 1 year
300,Nationwide Supply,2013-07-31 00:00:00.000,2014-05-01 00:00:00.000,274,4,249804.8673,62451.2168,Less than 1 year
338,Systematic Sales,2013-06-30 00:00:00.000,2014-03-31 00:00:00.000,274,4,31667.3341,7916.8335,Less than 1 year
350,Twin Cycles,2013-07-31 00:00:00.000,2014-05-01 00:00:00.000,274,4,8265.899,2066.4747,Less than 1 year
358,Quality Bike Sales,2013-06-30 00:00:00.000,2014-03-31 00:00:00.000,274,4,3751.0654,937.7663,Less than 1 year
360,Novelty Bikes,2013-06-30 00:00:00.000,2014-03-31 00:00:00.000,274,4,18084.8734,4521.2183,Less than 1 year
354,Acclaimed Bicycle Company,2013-07-31 00:00:00.000,2014-05-01 00:00:00.000,274,4,8324.8371,2081.2092,Less than 1 year
374,Immense Manufacturing Company,2013-06-30 00:00:00.000,2014-03-31 00:00:00.000,274,4,204728.0888,51182.0222,Less than 1 year
420,Capital Riding Supplies,2013-06-30 00:00:00.000,2014-03-31 00:00:00.000,274,4,6104.5688,1526.1422,Less than 1 year
394,Blue-Ribbon Bike Company,2013-07-31 00:00:00.000,2014-05-01 00:00:00.000,274,4,127302.9333,31825.7333,Less than 1 year
384,Seaside Bike Works,2013-07-31 00:00:00.000,2014-05-01 00:00:00.000,274,4,10626.7121,2656.678,Less than 1 year
364,Leading Bike Distributors,2013-06-30 00:00:00.000,2014-03-31 00:00:00.000,274,4,24584.3747,6146.0936,Less than 1 year
378,Pedaling Components,2013-06-30 00:00:00.000,2014-03-31 00:00:00.000,274,4,63438.0774,15859.5193,Less than 1 year
380,Workout Emporium,2013-07-31 00:00:00.000,2014-05-01 00:00:00.000,274,4,20366.1058,5091.5264,Less than 1 year
442,Another Bicycle Company,2013-07-31 00:00:00.000,2014-05-01 00:00:00.000,274,4,244854.0475,61213.5118,Less than 1 year
444,Fourth Bike Store,2013-07-31 00:00:00.000,2014-05-01 00:00:00.000,274,4,143019.6297,35754.9074,Less than 1 year
446,Rodeway Bike Store,2013-07-31 00:00:00.000,2014-05-01 00:00:00.000,274,4,148798.8482,37199.712,Less than 1 year
450,Unsurpassed Bikes,2013-07-31 00:00:00.000,2014-05-01 00:00:00.000,274,4,23919.1909,5979.7977,Less than 1 year
476,Industrial Supplies,2013-06-30 00:00:00.000,2014-03-31 00:00:00.000,274,4,175334.3856,43833.5964,Less than 1 year
408,Nearest Bike Store,2013-07-31 00:00:00.000,2014-05-01 00:00:00.000,274,3,3399.2753,1133.0917,Less than 1 year
410,Fast Bike Works,2013-06-30 00:00:00.000,2014-03-31 00:00:00.000,274,4,76266.9402,19066.735,Less than 1 year
860,"Sleek Bikes ",2013-07-31 00:00:00.000,2014-05-01 00:00:00.000,274,4,210100.7797,52525.1949,Less than 1 year
868,Central Bicycle Specialists,2013-07-31 00:00:00.000,2014-05-01 00:00:00.000,274,3,1654.3501,551.45,Less than 1 year
854,First Center,2013-07-31 00:00:00.000,2014-05-01 00:00:00.000,274,4,1935.7608,483.9402,Less than 1 year
856,Action Bicycle Specialists,2013-07-31 00:00:00.000,2014-05-01 00:00:00.000,274,4,363872.0389,90968.0097,Less than 1 year
834,Functional Store South,2013-06-30 00:00:00.000,2014-03-31 00:00:00.000,274,4,173266.5894,43316.6473,Less than 1 year
838,Stock Parts and Supplies,2013-06-30 00:00:00.000,2014-03-31 00:00:00.000,274,4,201885.6157,50471.4039,Less than 1 year
824,Utilitarian Sporting Goods,2013-07-31 00:00:00.000,2014-05-01 00:00:00.000,274,4,167479.4606,41869.8651,Less than 1 year
810,Rampart Amusement Company,2013-06-30 00:00:00.000,2014-03-31 00:00:00.000,274,4,5846.7427,1461.6856,Less than 1 year
796,Rich Department Store,2013-06-30 00:00:00.000,2014-03-31 00:00:00.000,274,4,169271.0046,42317.7511,Less than 1 year
942,Wheels Inc.,2013-06-30 00:00:00.000,2014-03-31 00:00:00.000,274,2,2343.3714,1171.6857,Less than 1 year
946,Racing Supply Distributors,2013-06-30 00:00:00.000,2014-03-31 00:00:00.000,274,4,44581.9065,11145.4766,Less than 1 year
952,Active Systems,2012-05-30 00:00:00.000,2013-02-28 00:00:00.000,274,3,713.1501,237.7167,Less than 1 year
930,Associated Bikes,2012-05-30 00:00:00.000,2013-02-28 00:00:00.000,274,4,8765.706,2191.4265,Less than 1 year
904,Convenient Bike Shop,2011-05-31 00:00:00.000,2012-02-29 00:00:00.000,274,4,36756.0713,9189.0178,Less than 1 year
906,Fitness Bike Accessories,2013-07-31 00:00:00.000,2014-05-01 00:00:00.000,274,3,5228.4196,1742.8065,Less than 1 year
910,Quitting Business Distributors,2013-07-31 00:00:00.000,2014-05-01 00:00:00.000,274,4,33399.5723,8349.893,Less than 1 year
690,Kids and Adults Cycle Shop,2013-06-30 00:00:00.000,2014-03-31 00:00:00.000,274,3,2401.8762,800.6254,Less than 1 year
696,Extreme Riding Supplies,2013-07-31 00:00:00.000,2014-05-01 00:00:00.000,274,4,206276.9149,51569.2287,Less than 1 year
676,Inexpensive Parts Shop,2013-07-31 00:00:00.000,2014-05-01 00:00:00.000,274,4,12049.8414,3012.4603,Less than 1 year
682,Thrilling Bike Tours,2013-07-31 00:00:00.000,2014-05-01 00:00:00.000,274,4,61333.7327,15333.4331,Less than 1 year
706,Rental Gallery,2013-06-30 00:00:00.000,2014-03-31 00:00:00.000,274,4,10758.4855,2689.6213,Less than 1 year
708,South Bike Company,2013-06-30 00:00:00.000,2014-03-31 00:00:00.000,274,4,69597.4879,17399.3719,Less than 1 year
644,Aerobic Exercise Company,2013-07-31 00:00:00.000,2014-05-01 00:00:00.000,274,4,3023.2808,755.8202,Less than 1 year
640,Western Bike Supplies,2012-05-30 00:00:00.000,2013-02-28 00:00:00.000,274,4,22534.9569,5633.7392,Less than 1 year
660,Sports Merchandise,2013-07-31 00:00:00.000,2014-05-01 00:00:00.000,274,4,166814.9731,41703.7432,Less than 1 year
656,Outstanding Cycles,2013-06-30 00:00:00.000,2014-03-31 00:00:00.000,274,4,230789.189,57697.2972,Less than 1 year
774,Rugged Bikes,2013-07-31 00:00:00.000,2014-05-01 00:00:00.000,274,4,236341.6203,59085.405,Less than 1 year
758,Nearby Bike Mall,2013-07-31 00:00:00.000,2014-05-01 00:00:00.000,274,4,29798.4906,7449.6226,Less than 1 year
784,Online Bike Catalog,2013-07-31 00:00:00.000,2014-05-01 00:00:00.000,274,4,3219.6374,804.9093,Less than 1 year
730,Very Best Sports Supply,2013-07-31 00:00:00.000,2014-05-01 00:00:00.000,274,7,14203.9081,2029.1297,Less than 1 year
724,Two Wheels Cycle Store,2011-08-01 00:00:00.000,2012-04-30 00:00:00.000,273,4,25153.6109,6288.4027,Less than 1 year
754,Distinctive Store,2011-08-01 00:00:00.000,2012-04-30 00:00:00.000,273,4,32409.8546,8102.4636,Less than 1 year
782,Neighborhood Store,2012-06-30 00:00:00.000,2013-03-30 00:00:00.000,273,4,126587.3691,31646.8422,Less than 1 year
710,Wonderful Bikes Inc.,2012-06-30 00:00:00.000,2013-03-30 00:00:00.000,273,4,53326.5664,13331.6416,Less than 1 year
700,Fleet Bikes,2012-06-30 00:00:00.000,2013-03-30 00:00:00.000,273,3,7226.5175,2408.8391,Less than 1 year
702,Local Hardware Factory,2012-07-31 00:00:00.000,2013-04-30 00:00:00.000,273,4,47094.0902,11773.5225,Less than 1 year
704,Only Bikes and Accessories,2011-07-01 00:00:00.000,2012-03-30 00:00:00.000,273,4,48054.0631,12013.5157,Less than 1 year
686,Full-Service Bike Store,2011-08-01 00:00:00.000,2012-04-30 00:00:00.000,273,4,59709.5091,14927.3772,Less than 1 year
896,Quick Delivery Service,2011-08-01 00:00:00.000,2012-04-30 00:00:00.000,273,4,27968.3147,6992.0786,Less than 1 year
882,Safe Toys,2011-08-01 00:00:00.000,2012-04-30 00:00:00.000,273,4,150169.1642,37542.291,Less than 1 year
884,Qualified Sales and Repair Services,2011-07-01 00:00:00.000,2012-03-30 00:00:00.000,273,4,155077.5481,38769.387,Less than 1 year
934,A Bike Store,2011-07-01 00:00:00.000,2012-03-30 00:00:00.000,273,4,95924.0197,23981.0049,Less than 1 year
936,Journey Sporting Goods,2011-07-01 00:00:00.000,2012-03-30 00:00:00.000,273,4,197614.4995,49403.6248,Less than 1 year
804,Downtown Hotel,2011-08-01 00:00:00.000,2012-04-30 00:00:00.000,273,4,277612.9119,69403.2279,Less than 1 year
800,Stationary Bikes and Stands,2011-08-01 00:00:00.000,2012-04-30 00:00:00.000,273,4,69381.6517,17345.4129,Less than 1 year
830,Showcase for Cycles,2013-06-30 00:00:00.000,2014-03-30 00:00:00.000,273,4,1702.533,425.6332,Less than 1 year
870,Vast Bike Sales and Rental,2011-07-01 00:00:00.000,2012-03-30 00:00:00.000,273,4,156366.7469,39091.6867,Less than 1 year
862,Retail Sporting Equipment,2012-07-31 00:00:00.000,2013-04-30 00:00:00.000,273,4,128791.75,32197.9375,Less than 1 year
438,First-Rate Outlet,2011-07-01 00:00:00.000,2012-03-30 00:00:00.000,273,4,5112.8067,1278.2016,Less than 1 year
386,Nice Bikes,2012-07-31 00:00:00.000,2013-04-30 00:00:00.000,273,4,12455.7997,3113.9499,Less than 1 year
376,Extended Bike Sales,2011-08-01 00:00:00.000,2012-04-30 00:00:00.000,273,4,298046.6089,74511.6522,Less than 1 year
352,Tiny Bike Boutique,2012-06-30 00:00:00.000,2013-03-30 00:00:00.000,273,4,219040.5091,54760.1272,Less than 1 year
346,Designated Distributors,2011-07-01 00:00:00.000,2012-03-30 00:00:00.000,273,4,141133.3059,35283.3264,Less than 1 year
334,Global Plaza,2011-08-01 00:00:00.000,2012-04-30 00:00:00.000,273,4,181006.1299,45251.5324,Less than 1 year
310,New Bikes Company,2011-07-01 00:00:00.000,2012-03-30 00:00:00.000,273,4,6387.5291,1596.8822,Less than 1 year
616,Tread Industries,2011-07-01 00:00:00.000,2012-03-30 00:00:00.000,273,4,486937.5937,121734.3984,Less than 1 year
632,Sports Commodities,2011-08-01 00:00:00.000,2012-04-30 00:00:00.000,273,4,50997.8805,12749.4701,Less than 1 year
560,Online Bike Sellers,2012-07-31 00:00:00.000,2013-04-30 00:00:00.000,273,3,19798.5095,6599.5031,Less than 1 year
504,Economy Bikes Company,2012-07-31 00:00:00.000,2013-04-30 00:00:00.000,273,3,7004.4814,2334.8271,Less than 1 year
522,Raw Materials Inc,2011-07-01 00:00:00.000,2012-03-30 00:00:00.000,273,4,172671.1241,43167.781,Less than 1 year
1168,Optimal Bikes,2012-07-31 00:00:00.000,2013-04-30 00:00:00.000,273,4,2535.9086,633.9771,Less than 1 year
1126,Hardware Components,2011-07-01 00:00:00.000,2012-03-30 00:00:00.000,273,4,460174.8591,115043.7147,Less than 1 year
1156,Leisure Activities,2012-06-30 00:00:00.000,2013-03-30 00:00:00.000,273,4,21560.4034,5390.1008,Less than 1 year
1244,Finish and Sealant Products,2011-08-01 00:00:00.000,2012-04-30 00:00:00.000,273,3,6671.2946,2223.7648,Less than 1 year
1258,Scooters and Bikes Store,2011-08-01 00:00:00.000,2012-04-30 00:00:00.000,273,4,217615.377,54403.8442,Less than 1 year
1224,Acceptable Sales & Service,2011-07-01 00:00:00.000,2012-03-30 00:00:00.000,273,2,1416.9322,708.4661,Less than 1 year
1228,District Mall,2011-07-01 00:00:00.000,2012-03-30 00:00:00.000,273,4,98531.0126,24632.7531,Less than 1 year
926,Unique Bikes,2011-08-01 00:00:00.000,2012-04-30 00:00:00.000,273,4,92300.5485,23075.1371,Less than 1 year
978,Commercial Sporting Goods,2012-07-31 00:00:00.000,2013-04-30 00:00:00.000,273,4,302119.1881,75529.797,Less than 1 year
980,Wholesale Parts,2011-07-01 00:00:00.000,2012-03-30 00:00:00.000,273,4,80262.2493,20065.5623,Less than 1 year
1010,Cross-Country Riding Supplies,2011-07-01 00:00:00.000,2012-03-30 00:00:00.000,273,4,77862.1397,19465.5349,Less than 1 year
1022,Sharp Bikes,2011-07-01 00:00:00.000,2012-03-30 00:00:00.000,273,4,54905.1516,13726.2879,Less than 1 year
974,Leather and Vinyl Manufacturing,2011-07-01 00:00:00.000,2012-03-30 00:00:00.000,273,4,62725.1342,15681.2835,Less than 1 year
1070,Fitness Sport Boutique,2012-06-30 00:00:00.000,2013-03-30 00:00:00.000,273,4,291627.3902,72906.8475,Less than 1 year
1064,Retread Tire Company,2012-07-31 00:00:00.000,2013-04-30 00:00:00.000,273,4,6496.4491,1624.1122,Less than 1 year
1426,Bicycle Merchandise Warehouse,2012-07-31 00:00:00.000,2013-04-30 00:00:00.000,273,4,399980.8799,99995.2199,Less than 1 year
1416,Pedal Systems Company,2012-06-30 00:00:00.000,2013-03-30 00:00:00.000,273,4,1998.673,499.6682,Less than 1 year
1386,Authentic Sales and Service,2012-07-31 00:00:00.000,2013-04-30 00:00:00.000,273,4,1816.137,454.0342,Less than 1 year
1378,Selected Distributors,2012-07-31 00:00:00.000,2013-04-30 00:00:00.000,273,4,19322.199,4830.5497,Less than 1 year
1358,Leading Sales & Repair,2011-08-01 00:00:00.000,2012-04-30 00:00:00.000,273,4,164650.482,41162.6205,Less than 1 year
1328,Front Sporting Goods,2012-06-30 00:00:00.000,2013-03-30 00:00:00.000,273,4,147426.0348,36856.5087,Less than 1 year
1330,Elite Bikes,2012-07-31 00:00:00.000,2013-04-30 00:00:00.000,273,4,202494.917,50623.7292,Less than 1 year
1308,More Bikes!,2011-08-01 00:00:00.000,2012-04-30 00:00:00.000,273,3,8701.4222,2900.474,Less than 1 year
1796,Professional Containers and Packaging Co.,2012-06-30 00:00:00.000,2013-03-30 00:00:00.000,273,4,13196.6562,3299.164,Less than 1 year
1468,Village Tours,2012-06-30 00:00:00.000,2013-03-30 00:00:00.000,273,4,16419.2646,4104.8161,Less than 1 year
1860,Sparkling Paint and Finishes,2011-07-01 00:00:00.000,2012-03-30 00:00:00.000,273,4,158661.4517,39665.3629,Less than 1 year
1832,Downhill Bicycle Specialists,2012-06-30 00:00:00.000,2013-03-30 00:00:00.000,273,4,159695.459,39923.8647,Less than 1 year
1834,Bike Experts,2012-06-30 00:00:00.000,2013-03-30 00:00:00.000,273,4,166384.0535,41596.0133,Less than 1 year
1934,A Typical Bike Shop,2011-08-01 00:00:00.000,2012-04-30 00:00:00.000,273,4,93981.0186,23495.2546,Less than 1 year
1916,Active Life Toys,2012-07-31 00:00:00.000,2013-04-30 00:00:00.000,273,4,225213.746,56303.4365,Less than 1 year
1930,Reliable Brake Systems,2011-08-01 00:00:00.000,2012-04-30 00:00:00.000,273,4,83314.8579,20828.7144,Less than 1 year
1956,Wire Baskets and Parts,2011-07-01 00:00:00.000,2012-03-30 00:00:00.000,273,4,99440.3238,24860.0809,Less than 1 year
1972,Mercantile Outlet,2012-06-30 00:00:00.000,2013-03-30 00:00:00.000,273,4,162979.1262,40744.7815,Less than 1 year
1978,Exercise Center,2012-07-31 00:00:00.000,2013-04-30 00:00:00.000,273,4,1833.5947,458.3986,Less than 1 year
1980,Great Bicycle Supply,2011-07-01 00:00:00.000,2012-03-30 00:00:00.000,273,4,311393.1457,77848.2864,Less than 1 year
1952,Large Bike Shop,2012-05-30 00:00:00.000,2012-11-30 00:00:00.000,184,2,65.589,32.7945,Less than 1 year
1814,Fitness Department Stores,2013-06-30 00:00:00.000,2013-12-31 00:00:00.000,184,3,1422.3392,474.113,Less than 1 year
1272,Outdoor Aerobic Systems Company,2013-06-30 00:00:00.000,2013-12-31 00:00:00.000,184,3,3704.5709,1234.8569,Less than 1 year
614,Outdoor Sporting Goods,2013-05-30 00:00:00.000,2013-11-30 00:00:00.000,184,3,12019.4344,4006.4781,Less than 1 year
436,Second Bike Shop,2013-06-30 00:00:00.000,2013-12-31 00:00:00.000,184,3,3704.5709,1234.8569,Less than 1 year
406,Kickstand Sellers,2012-10-30 00:00:00.000,2013-04-30 00:00:00.000,182,3,1092.9318,364.3106,Less than 1 year
890,Expert Sports Store,2013-09-30 00:00:00.000,2014-03-31 00:00:00.000,182,3,3342.4645,1114.1548,Less than 1 year
1212,Road Way Sales and Rental,2012-10-30 00:00:00.000,2013-04-30 00:00:00.000,182,2,856.8631,428.4315,Less than 1 year
1012,Stylish Department Stores,2011-10-31 00:00:00.000,2012-04-30 00:00:00.000,182,3,12665.7725,4221.9241,Less than 1 year
1460,Cycles and Scooters,2011-10-31 00:00:00.000,2012-04-30 00:00:00.000,182,3,16897.722,5632.574,Less than 1 year
1910,Wingtip Toys,2013-07-31 00:00:00.000,2014-01-29 00:00:00.000,182,3,1452.5356,484.1785,Less than 1 year
1454,Recommended Bicycles,2011-10-01 00:00:00.000,2012-03-30 00:00:00.000,181,2,1457.3288,728.6644,Less than 1 year
850,Regional Manufacturing,2011-08-01 00:00:00.000,2012-01-29 00:00:00.000,181,2,1627.2138,813.6069,Less than 1 year
304,Bicycle Accessories and Kits,2012-07-31 00:00:00.000,2013-01-28 00:00:00.000,181,3,7431.0704,2477.0234,Less than 1 year
586,Alternative Vehicles,2011-10-01 00:00:00.000,2012-03-30 00:00:00.000,181,3,10277.0964,3425.6988,Less than 1 year
508,Atypical Bike Company,2013-06-30 00:00:00.000,2013-09-30 00:00:00.000,92,2,430.5564,215.2782,Less than 1 year
840,Roadway Supplies,2011-10-01 00:00:00.000,2012-01-01 00:00:00.000,92,2,2002.157,1001.0785,Less than 1 year
1826,Executive Discount Store,2012-05-30 00:00:00.000,2012-08-30 00:00:00.000,92,2,2730.5029,1365.2514,Less than 1 year
1432,Good Bicycle Store,2013-08-30 00:00:00.000,2013-11-30 00:00:00.000,92,2,1712.4431,856.2215,Less than 1 year
1120,Rural Sales and Service,2012-01-29 00:00:00.000,2012-04-30 00:00:00.000,92,2,5794.6949,2897.3474,Less than 1 year
1062,Online Bike Warehouse,2012-07-31 00:00:00.000,2012-10-30 00:00:00.000,91,2,752.6697,376.3348,Less than 1 year
1906,Regional Cycle Shop,2013-10-30 00:00:00.000,2014-01-29 00:00:00.000,91,3,1697.8382,565.946,Less than 1 year
1106,The Commissary,2012-10-30 00:00:00.000,2013-01-28 00:00:00.000,90,2,807.0358,403.5179,Less than 1 year
1382,Shipping Specialists,2013-12-31 00:00:00.000,2014-03-31 00:00:00.000,90,2,498.4405,249.2202,Less than 1 year
836,Active Cycling,2012-10-30 00:00:00.000,2013-01-28 00:00:00.000,90,2,2034.3275,1017.1637,Less than 1 year
1824,Major Sporting Goods,2012-12-31 00:00:00.000,2013-03-30 00:00:00.000,89,2,1057.976,528.988,Less than 1 year
1806,Black Bicycle Company,2012-12-31 00:00:00.000,2013-03-30 00:00:00.000,89,2,2783.822,1391.911,Less than 1 year
1466,Seats and Saddles Company,2012-09-30 00:00:00.000,2012-09-30 00:00:00.000,0,1,1384.3708,1384.3708,Less than 1 year
1288,Gear-Shift Bikes Limited,2012-10-30 00:00:00.000,2012-10-30 00:00:00.000,0,1,228.534,228.534,Less than 1 year
1122,Tubeless Tire Company,2013-06-30 00:00:00.000,2013-06-30 00:00:00.000,0,1,225.9588,225.9588,Less than 1 year
1060,Operational Manufacturing,2014-05-01 00:00:00.000,2014-05-01 00:00:00.000,0,1,397.3257,397.3257,Less than 1 year
972,Major Bicycle Store,2013-06-30 00:00:00.000,2013-06-30 00:00:00.000,0,1,225.9588,225.9588,Less than 1 year
996,Hometown Riding Supplies,2013-08-30 00:00:00.000,2013-08-30 00:00:00.000,0,1,159.12,159.12,Less than 1 year
1144,Retail Discount Store,2014-05-01 00:00:00.000,2014-05-01 00:00:00.000,0,1,757.003,757.003,Less than 1 year
1128,Retail Sporting Goods,2012-08-30 00:00:00.000,2012-08-30 00:00:00.000,0,1,207.7582,207.7582,Less than 1 year
1172,Extras Sporting Goods,2013-01-28 00:00:00.000,2013-01-28 00:00:00.000,0,1,76.2853,76.2853,Less than 1 year
1176,Eleventh Bike Store,2011-08-31 00:00:00.000,2011-08-31 00:00:00.000,0,1,64.242,64.242,Less than 1 year
1196,Weekend Bike Tours,2013-05-30 00:00:00.000,2013-05-30 00:00:00.000,0,1,1149.1888,1149.1888,Less than 1 year
842,Sensational Discount Store,2014-01-29 00:00:00.000,2014-01-29 00:00:00.000,0,1,364.8172,364.8172,Less than 1 year
894,Jumbo Bikes,2014-05-01 00:00:00.000,2014-05-01 00:00:00.000,0,1,3221.3554,3221.3554,Less than 1 year
888,Lustrous Paints and Components,2013-05-30 00:00:00.000,2013-05-30 00:00:00.000,0,1,1514.006,1514.006,Less than 1 year
912,Retail Cycle Shop,2012-07-31 00:00:00.000,2012-07-31 00:00:00.000,0,1,101.5473,101.5473,Less than 1 year
922,Parts Shop,2013-08-30 00:00:00.000,2013-08-30 00:00:00.000,0,1,27.4401,27.4401,Less than 1 year
924,Riding Excursions,2011-12-01 00:00:00.000,2011-12-01 00:00:00.000,0,1,472.3108,472.3108,Less than 1 year
714,Discount Bicycle Specialists,2011-10-01 00:00:00.000,2011-10-01 00:00:00.000,0,1,472.3108,472.3108,Less than 1 year
778,One-Piece Handle Bars,2012-04-30 00:00:00.000,2012-04-30 00:00:00.000,0,1,816.1709,816.1709,Less than 1 year
514,Widget Bicycle Specialists,2013-08-30 00:00:00.000,2013-08-30 00:00:00.000,0,1,364.8172,364.8172,Less than 1 year
528,Parcel Express Delivery Service,2011-10-01 00:00:00.000,2011-10-01 00:00:00.000,0,1,472.3108,472.3108,Less than 1 year
578,Rambling Tours,2013-07-31 00:00:00.000,2013-07-31 00:00:00.000,0,1,258.1833,258.1833,Less than 1 year
610,Mountain Emporium,2012-09-30 00:00:00.000,2012-09-30 00:00:00.000,0,1,6997.2556,6997.2556,Less than 1 year
336,Imported and Domestic Cycles,2013-03-30 00:00:00.000,2013-03-30 00:00:00.000,0,1,168.3305,168.3305,Less than 1 year
390,Road-Way Mart,2012-08-30 00:00:00.000,2012-08-30 00:00:00.000,0,1,2798.9022,2798.9022,Less than 1 year
430,Center Cycle Shop,2013-02-28 00:00:00.000,2013-02-28 00:00:00.000,0,1,281.8555,281.8555,Less than 1 year
1912,The Cycle Store,2013-10-30 00:00:00.000,2013-10-30 00:00:00.000,0,1,169.2827,169.2827,Less than 1 year
1902,Chain and Chain Tool Distributions,2012-06-30 00:00:00.000,2012-06-30 00:00:00.000,0,1,186.6284,186.6284,Less than 1 year
1904,Mobile Outlet,2013-06-30 00:00:00.000,2013-06-30 00:00:00.000,0,1,1.5183,1.5183,Less than 1 year
1954,Recreation Supplies,2013-04-30 00:00:00.000,2013-04-30 00:00:00.000,0,1,1459.2824,1459.2824,Less than 1 year
